{
  "model": "alexnet",
  "combined": true,
  "ckpt": "artifacts\\alexnet_combined\\best.pt",
  "selection_key": "combined",
  "swept_on": "combined val",
  "recall_target": 0.95,
  "val_n": {
    "combined": 13927,
    "ddd": 6258,
    "uta": 7669
  },
  "test_n": {
    "combined": 15213,
    "ddd": 7504,
    "uta": 7709
  },
  "operating_points": {
    "default_0.5": {
      "threshold": 0.5,
      "val": {
        "combined": {
          "threshold": 0.5,
          "n": 13927,
          "accuracy": 0.7152294104975946,
          "precision_drowsy": 0.7226765799256506,
          "recall_drowsy": 0.6981755494900158,
          "f1_drowsy": 0.7102148180622535,
          "f1_alert": 0.7200734048560136,
          "macro_f1": 0.7151441114591335,
          "confusion": {
            "tn": 5101,
            "fp": 1865,
            "fn": 2101,
            "tp": 4860
          }
        },
        "ddd": {
          "threshold": 0.5,
          "n": 6258,
          "accuracy": 0.7954618088846277,
          "precision_drowsy": 0.8123324396782842,
          "recall_drowsy": 0.7709923664122137,
          "f1_drowsy": 0.7911227154046997,
          "f1_alert": 0.7996242955541641,
          "macro_f1": 0.795373505479432,
          "confusion": {
            "tn": 2554,
            "fp": 560,
            "fn": 720,
            "tp": 2424
          }
        },
        "uta": {
          "threshold": 0.5,
          "n": 7669,
          "accuracy": 0.649758769070283,
          "precision_drowsy": 0.6511627906976745,
          "recall_drowsy": 0.638197537332984,
          "f1_drowsy": 0.6446149775072771,
          "f1_alert": 0.6547557840616967,
          "macro_f1": 0.6496853807844869,
          "confusion": {
            "tn": 2547,
            "fp": 1305,
            "fn": 1381,
            "tp": 2436
          }
        }
      },
      "test": {
        "combined": {
          "threshold": 0.5,
          "n": 15213,
          "accuracy": 0.7764412016038914,
          "precision_drowsy": 0.8317924246943036,
          "recall_drowsy": 0.7104827410520953,
          "f1_drowsy": 0.766366696434705,
          "f1_alert": 0.7856827777427687,
          "macro_f1": 0.7760247370887369,
          "confusion": {
            "tn": 6234,
            "fp": 1128,
            "fn": 2273,
            "tp": 5578
          }
        },
        "ddd": {
          "threshold": 0.5,
          "n": 7504,
          "accuracy": 0.939632196162047,
          "precision_drowsy": 0.9051287695355492,
          "recall_drowsy": 0.9946782776971457,
          "f1_drowsy": 0.9477930160193616,
          "f1_alert": 0.9284473226978361,
          "macro_f1": 0.9381201693585989,
          "confusion": {
            "tn": 2939,
            "fp": 431,
            "fn": 22,
            "tp": 4112
          }
        },
        "uta": {
          "threshold": 0.5,
          "n": 7709,
          "accuracy": 0.6175898300687508,
          "precision_drowsy": 0.6777623670827554,
          "recall_drowsy": 0.39440408931934356,
          "f1_drowsy": 0.4986394557823129,
          "f1_alert": 0.690920528412665,
          "macro_f1": 0.594779992097489,
          "confusion": {
            "tn": 3295,
            "fp": 697,
            "fn": 2251,
            "tp": 1466
          }
        }
      }
    },
    "best_macro_f1_on_val": {
      "threshold": 0.42999999999999994,
      "val": {
        "combined": {
          "threshold": 0.42999999999999994,
          "n": 13927,
          "accuracy": 0.7354060458102966,
          "precision_drowsy": 0.6955587392550143,
          "recall_drowsy": 0.8369487142651918,
          "f1_drowsy": 0.759731368585773,
          "f1_alert": 0.7056003834784693,
          "macro_f1": 0.7326658760321212,
          "confusion": {
            "tn": 4416,
            "fp": 2550,
            "fn": 1135,
            "tp": 5826
          }
        },
        "ddd": {
          "threshold": 0.42999999999999994,
          "n": 6258,
          "accuracy": 0.7678171939916907,
          "precision_drowsy": 0.7170731707317073,
          "recall_drowsy": 0.8883587786259542,
          "f1_drowsy": 0.7935786333285977,
          "f1_alert": 0.7347087821800257,
          "macro_f1": 0.7641437077543116,
          "confusion": {
            "tn": 2012,
            "fp": 1102,
            "fn": 351,
            "tp": 2793
          }
        },
        "uta": {
          "threshold": 0.42999999999999994,
          "n": 7669,
          "accuracy": 0.7089581431738167,
          "precision_drowsy": 0.6768578442311984,
          "recall_drowsy": 0.7946030914330626,
          "f1_drowsy": 0.7310195227765727,
          "f1_alert": 0.6829545454545455,
          "macro_f1": 0.7069870341155591,
          "confusion": {
            "tn": 2404,
            "fp": 1448,
            "fn": 784,
            "tp": 3033
          }
        }
      },
      "test": {
        "combined": {
          "threshold": 0.42999999999999994,
          "n": 15213,
          "accuracy": 0.7007822257279958,
          "precision_drowsy": 0.6859010481235208,
          "recall_drowsy": 0.7751878741561584,
          "f1_drowsy": 0.7278163118871084,
          "f1_alert": 0.6677857247117208,
          "macro_f1": 0.6978010182994145,
          "confusion": {
            "tn": 4575,
            "fp": 2787,
            "fn": 1765,
            "tp": 6086
          }
        },
        "ddd": {
          "threshold": 0.42999999999999994,
          "n": 7504,
          "accuracy": 0.7476012793176973,
          "precision_drowsy": 0.6861702127659575,
          "recall_drowsy": 0.9985486211901307,
          "f1_drowsy": 0.8133990147783251,
          "f1_alert": 0.6101276245368464,
          "macro_f1": 0.7117633196575858,
          "confusion": {
            "tn": 1482,
            "fp": 1888,
            "fn": 6,
            "tp": 4128
          }
        },
        "uta": {
          "threshold": 0.42999999999999994,
          "n": 7709,
          "accuracy": 0.6552081982098845,
          "precision_drowsy": 0.6853342667133356,
          "recall_drowsy": 0.5267688996502555,
          "f1_drowsy": 0.5956799513233951,
          "f1_alert": 0.6994572591587517,
          "macro_f1": 0.6475686052410734,
          "confusion": {
            "tn": 3093,
            "fp": 899,
            "fn": 1759,
            "tp": 1958
          }
        }
      }
    },
    "recall_\u2265_0.95_on_val": {
      "threshold": 0.35999999999999993,
      "val": {
        "combined": {
          "threshold": 0.35999999999999993,
          "n": 13927,
          "accuracy": 0.7098441875493645,
          "precision_drowsy": 0.6397129186602871,
          "recall_drowsy": 0.9603505243499497,
          "f1_drowsy": 0.7679053471943024,
          "f1_alert": 0.61304222924447,
          "macro_f1": 0.6904737882193862,
          "confusion": {
            "tn": 3201,
            "fp": 3765,
            "fn": 276,
            "tp": 6685
          }
        },
        "ddd": {
          "threshold": 0.35999999999999993,
          "n": 6258,
          "accuracy": 0.7227548737615852,
          "precision_drowsy": 0.6464352525462482,
          "recall_drowsy": 0.9891857506361323,
          "f1_drowsy": 0.7818981772470145,
          "f1_alert": 0.6196009647007236,
          "macro_f1": 0.700749570973869,
          "confusion": {
            "tn": 1413,
            "fp": 1701,
            "fn": 34,
            "tp": 3110
          }
        },
        "uta": {
          "threshold": 0.35999999999999993,
          "n": 7669,
          "accuracy": 0.699308905985135,
          "precision_drowsy": 0.6339776556126973,
          "recall_drowsy": 0.9365994236311239,
          "f1_drowsy": 0.7561336717428088,
          "f1_alert": 0.6079564773886433,
          "macro_f1": 0.682045074565726,
          "confusion": {
            "tn": 1788,
            "fp": 2064,
            "fn": 242,
            "tp": 3575
          }
        }
      },